date,pollutant,concentration,date,pollutant,concentration,date,pollutant,concentration,date,pollutant,concentration,date,pollutant,concentration,date,pollutant,concentration,,
1/1/2017,CO,0.561,1/1/2017,NO2,0.0076,1/1/2017,O3,0.015,1/1/2017,PM 10,38,1/1/2017,PM 2.5,,1/1/2017,SO2,0.0023,,
2/1/2017,CO,0.53,2/1/2017,NO2,0.0071,2/1/2017,O3,0.018,2/1/2017,PM 10,40.89,2/1/2017,PM 2.5,,2/1/2017,SO2,0.0025,,
3/1/2017,CO,0.589,3/1/2017,NO2,0.0082,3/1/2017,O3,0.017,3/1/2017,PM 10,42.31,3/1/2017,PM 2.5,,3/1/2017,SO2,0.0028,,
4/1/2017,CO,0.662,4/1/2017,NO2,0.0087,4/1/2017,O3,0.015,4/1/2017,PM 10,37.76,4/1/2017,PM 2.5,,4/1/2017,SO2,0.0027,,
5/1/2017,CO,,5/1/2017,NO2,,5/1/2017,O3,,5/1/2017,PM 10,,5/1/2017,PM 2.5,,5/1/2017,SO2,,,PM 10 - particle matter with size of 10 micrometers or smaller
6/1/2017,CO,,6/1/2017,NO2,,6/1/2017,O3,,6/1/2017,PM 10,,6/1/2017,PM 2.5,,6/1/2017,SO2,,,PM 2.5 - particle matter with size of 2.5 micrometers or smaller
7/1/2017,CO,0.716,7/1/2017,NO2,0.0082,7/1/2017,O3,0.016,7/1/2017,PM 10,29.31,7/1/2017,PM 2.5,,7/1/2017,SO2,0.0014,,
8/1/2017,CO,0.661,8/1/2017,NO2,0.0078,8/1/2017,O3,0.016,8/1/2017,PM 10,24.96,8/1/2017,PM 2.5,,8/1/2017,SO2,0.001,,"Before 2018, they don't record the data for PM2.5"
9/1/2017,CO,0.682,9/1/2017,NO2,0.0076,9/1/2017,O3,0.015,9/1/2017,PM 10,23.41,9/1/2017,PM 2.5,,9/1/2017,SO2,0.0011,,may due to some reasons:
10/1/2017,CO,0.68,10/1/2017,NO2,0.0082,10/1/2017,O3,0.017,10/1/2017,PM 10,24.32,10/1/2017,PM 2.5,,10/1/2017,SO2,0.0012,,"1. They don't have the ability to measure the particle matter smaller than or equal to that size, so just include in PM10"
11/1/2017,CO,0.699,11/1/2017,NO2,0.008,11/1/2017,O3,0.015,11/1/2017,PM 10,17.91,11/1/2017,PM 2.5,,11/1/2017,SO2,0.001,,"observe : from the PM10 before 2018, the concentration is significantly higher"
12/1/2017,CO,0.679,12/1/2017,NO2,0.0074,12/1/2017,O3,0.02,12/1/2017,PM 10,21.6,12/1/2017,PM 2.5,,12/1/2017,SO2,0.001,,"2. The air condition becomes worse from 2018, the particle matter with smaller size spread into the air"
1/1/2018,CO,0.671,1/1/2018,NO2,0.0078,1/1/2018,O3,0.015,1/1/2018,PM 10,19.14,1/1/2018,PM 2.5,11.43,1/1/2018,SO2,0.001,,e.g : microplastic? not sure
2/1/2018,CO,0.677,2/1/2018,NO2,0.0069,2/1/2018,O3,0.024,2/1/2018,PM 10,26.06,2/1/2018,PM 2.5,16.75,2/1/2018,SO2,0.0011,,
3/1/2018,CO,0.654,3/1/2018,NO2,0.0074,3/1/2018,O3,0.019,3/1/2018,PM 10,24.84,3/1/2018,PM 2.5,15.61,3/1/2018,SO2,0.001,,
4/1/2018,CO,0.682,4/1/2018,NO2,0.0075,4/1/2018,O3,0.019,4/1/2018,PM 10,25.64,4/1/2018,PM 2.5,16.34,4/1/2018,SO2,0.001,,
5/1/2018,CO,0.671,5/1/2018,NO2,0.0076,5/1/2018,O3,0.017,5/1/2018,PM 10,22.6,5/1/2018,PM 2.5,14.54,5/1/2018,SO2,0.001,,
6/1/2018,CO,0.648,6/1/2018,NO2,0.0074,6/1/2018,O3,0.017,6/1/2018,PM 10,25.88,6/1/2018,PM 2.5,17.28,6/1/2018,SO2,0.0011,,
7/1/2018,CO,0.653,7/1/2018,NO2,0.0096,7/1/2018,O3,0.018,7/1/2018,PM 10,30.29,7/1/2018,PM 2.5,20.63,7/1/2018,SO2,0.0011,,
8/1/2018,CO,0.655,8/1/2018,NO2,0.0077,8/1/2018,O3,0.02,8/1/2018,PM 10,36.47,8/1/2018,PM 2.5,25.84,8/1/2018,SO2,0.0011,,
9/1/2018,CO,0.615,9/1/2018,NO2,0.0079,9/1/2018,O3,0.017,9/1/2018,PM 10,26.97,9/1/2018,PM 2.5,18.21,9/1/2018,SO2,0.001,,
10/1/2018,CO,0.632,10/1/2018,NO2,0.0076,10/1/2018,O3,0.016,10/1/2018,PM 10,22.22,10/1/2018,PM 2.5,14.5,10/1/2018,SO2,0.001,,
11/1/2018,CO,0.636,11/1/2018,NO2,0.0074,11/1/2018,O3,0.016,11/1/2018,PM 10,20.03,11/1/2018,PM 2.5,12.33,11/1/2018,SO2,0.001,,
12/1/2018,CO,0.626,12/1/2018,NO2,0.007,12/1/2018,O3,0.015,12/1/2018,PM 10,18.89,12/1/2018,PM 2.5,11.54,12/1/2018,SO2,0.0009,,
1/1/2019,CO,0.636,1/1/2019,NO2,0.0066,1/1/2019,O3,0.02,1/1/2019,PM 10,22.26,1/1/2019,PM 2.5,12.96,1/1/2019,SO2,0.001,,
2/1/2019,CO,0.588,2/1/2019,NO2,0.0063,2/1/2019,O3,0.02,2/1/2019,PM 10,23.59,2/1/2019,PM 2.5,15.23,2/1/2019,SO2,0.0011,,
3/1/2019,CO,0.669,3/1/2019,NO2,0.0074,3/1/2019,O3,0.023,3/1/2019,PM 10,31.92,3/1/2019,PM 2.5,23.17,3/1/2019,SO2,0.0011,,
4/1/2019,CO,0.644,4/1/2019,NO2,0.0077,4/1/2019,O3,0.019,4/1/2019,PM 10,26.95,4/1/2019,PM 2.5,18.69,4/1/2019,SO2,0.001,,
5/1/2019,CO,0.627,5/1/2019,NO2,0.0074,5/1/2019,O3,0.017,5/1/2019,PM 10,23.74,5/1/2019,PM 2.5,15.52,5/1/2019,SO2,0.001,,
6/1/2019,CO,0.585,6/1/2019,NO2,0.0069,6/1/2019,O3,0.016,6/1/2019,PM 10,22.16,6/1/2019,PM 2.5,14.57,6/1/2019,SO2,0.001,,
7/1/2019,CO,0.629,7/1/2019,NO2,0.0075,7/1/2019,O3,0.019,7/1/2019,PM 10,29.98,7/1/2019,PM 2.5,20.79,7/1/2019,SO2,0.0011,,
8/1/2019,CO,0.708,8/1/2019,NO2,0.0076,8/1/2019,O3,0.02,8/1/2019,PM 10,42.2,8/1/2019,PM 2.5,31.74,8/1/2019,SO2,0.0013,,
9/1/2019,CO,0.888,9/1/2019,NO2,0.0081,9/1/2019,O3,0.022,9/1/2019,PM 10,64.11,9/1/2019,PM 2.5,52.86,9/1/2019,SO2,0.0011,,
10/1/2019,CO,0.629,10/1/2019,NO2,0.0074,10/1/2019,O3,0.016,10/1/2019,PM 10,22.39,10/1/2019,PM 2.5,15.46,10/1/2019,SO2,0.001,,
11/1/2019,CO,0.633,11/1/2019,NO2,0.0073,11/1/2019,O3,0.016,11/1/2019,PM 10,21.52,11/1/2019,PM 2.5,13.92,11/1/2019,SO2,0.001,,
12/1/2019,CO,0.565,12/1/2019,NO2,0.0061,12/1/2019,O3,0.018,12/1/2019,PM 10,19.09,12/1/2019,PM 2.5,10.95,12/1/2019,SO2,0.001,,
1/1/2020,CO,0.553,1/1/2020,NO2,0.0059,1/1/2020,O3,0.019,1/1/2020,PM 10,21.37,1/1/2020,PM 2.5,12.62,1/1/2020,SO2,0.001,,
2/1/2020,CO,0.544,2/1/2020,NO2,0.0057,2/1/2020,O3,0.02,2/1/2020,PM 10,23.18,2/1/2020,PM 2.5,12.93,2/1/2020,SO2,0.001,,
3/1/2020,CO,0.542,3/1/2020,NO2,0.0051,3/1/2020,O3,0.019,3/1/2020,PM 10,22.96,3/1/2020,PM 2.5,15.01,3/1/2020,SO2,0.0009,,
4/1/2020,CO,0.473,4/1/2020,NO2,0.0032,4/1/2020,O3,0.018,4/1/2020,PM 10,17.7,4/1/2020,PM 2.5,11.81,4/1/2020,SO2,0.0009,,
5/1/2020,CO,0.496,5/1/2020,NO2,0.0047,5/1/2020,O3,0.017,5/1/2020,PM 10,17.58,5/1/2020,PM 2.5,11.14,5/1/2020,SO2,0.0009,,
6/1/2020,CO,0.529,6/1/2020,NO2,0.0061,6/1/2020,O3,0.015,6/1/2020,PM 10,19.48,6/1/2020,PM 2.5,12.21,6/1/2020,SO2,0.001,,
7/1/2020,CO,0.545,7/1/2020,NO2,0.0065,7/1/2020,O3,0.014,7/1/2020,PM 10,18.55,7/1/2020,PM 2.5,11.74,7/1/2020,SO2,0.001,,
8/1/2020,CO,0.585,8/1/2020,NO2,0.0064,8/1/2020,O3,0.016,8/1/2020,PM 10,22.81,8/1/2020,PM 2.5,15.15,8/1/2020,SO2,0.0011,,
9/1/2020,CO,0.555,9/1/2020,NO2,0.0064,9/1/2020,O3,0.013,9/1/2020,PM 10,18.23,9/1/2020,PM 2.5,11.52,9/1/2020,SO2,0.0011,,
10/1/2020,CO,0.548,10/1/2020,NO2,0.0066,10/1/2020,O3,0.014,10/1/2020,PM 10,19.19,10/1/2020,PM 2.5,12.36,10/1/2020,SO2,0.0011,,
11/1/2020,CO,0.549,11/1/2020,NO2,0.0061,11/1/2020,O3,0.013,11/1/2020,PM 10,17.11,11/1/2020,PM 2.5,10.1,11/1/2020,SO2,0.0011,,
12/1/2020,CO,0.62,12/1/2020,NO2,0.0065,12/1/2020,O3,0.016,12/1/2020,PM 10,18.55,12/1/2020,PM 2.5,10.92,12/1/2020,SO2,0.0012,,
1/1/2021,CO,0.549,1/1/2021,NO2,0.0054,1/1/2021,O3,0.019,1/1/2021,PM 10,19.65,1/1/2021,PM 2.5,11.36,1/1/2021,SO2,0.0011,,
2/1/2021,CO,0.533,2/1/2021,NO2,0.0052,2/1/2021,O3,0.023,2/1/2021,PM 10,25.74,2/1/2021,PM 2.5,15.94,2/1/2021,SO2,0.0012,,
3/1/2021,CO,0.538,3/1/2021,NO2,0.0062,3/1/2021,O3,0.016,3/1/2021,PM 10,22.54,3/1/2021,PM 2.5,14.3,3/1/2021,SO2,0.0011,,
4/1/2021,CO,0.563,4/1/2021,NO2,0.0069,4/1/2021,O3,0.017,4/1/2021,PM 10,22.55,4/1/2021,PM 2.5,14.07,4/1/2021,SO2,0.0011,,
5/1/2021,CO,0.526,5/1/2021,NO2,0.0059,5/1/2021,O3,0.015,5/1/2021,PM 10,20.28,5/1/2021,PM 2.5,12.62,5/1/2021,SO2,0.001,,
6/1/2021,CO,0.488,6/1/2021,NO2,0.0046,6/1/2021,O3,0.016,6/1/2021,PM 10,19.65,6/1/2021,PM 2.5,13.3,6/1/2021,SO2,0.0011,,
7/1/2021,CO,0.518,7/1/2021,NO2,0.0048,7/1/2021,O3,0.016,7/1/2021,PM 10,22.76,7/1/2021,PM 2.5,15.27,7/1/2021,SO2,0.0011,,
8/1/2021,CO,0.494,8/1/2021,NO2,0.0049,8/1/2021,O3,0.013,8/1/2021,PM 10,18.16,8/1/2021,PM 2.5,11.76,8/1/2021,SO2,0.0011,,
9/1/2021,CO,0.531,9/1/2021,NO2,0.0058,9/1/2021,O3,0.014,9/1/2021,PM 10,18.6,9/1/2021,PM 2.5,12.06,9/1/2021,SO2,0.0011,,
10/1/2021,CO,0.564,10/1/2021,NO2,0.0063,10/1/2021,O3,0.015,10/1/2021,PM 10,20.53,10/1/2021,PM 2.5,13.14,10/1/2021,SO2,0.0011,,
11/1/2021,CO,0.539,11/1/2021,NO2,0.0063,11/1/2021,O3,0.013,11/1/2021,PM 10,16.84,11/1/2021,PM 2.5,10.02,11/1/2021,SO2,0.0012,,
12/1/2021,CO,0.562,12/1/2021,NO2,0.006,12/1/2021,O3,0.017,12/1/2021,PM 10,18.86,12/1/2021,PM 2.5,11.43,12/1/2021,SO2,0.0012,,
1/1/2022,CO,0.572,1/1/2022,NO2,0.0061,1/1/2022,O3,0.019,1/1/2022,PM 10,21.98,1/1/2022,PM 2.5,13.6,1/1/2022,SO2,0.0012,,
2/1/2022,CO,0.515,2/1/2022,NO2,0.0052,2/1/2022,O3,0.014,2/1/2022,PM 10,18.09,2/1/2022,PM 2.5,10.87,2/1/2022,SO2,0.0011,,
3/1/2022,CO,0.535,3/1/2022,NO2,0.0058,3/1/2022,O3,0.015,3/1/2022,PM 10,19.76,3/1/2022,PM 2.5,12.2,3/1/2022,SO2,0.0012,,
4/1/2022,CO,0.575,4/1/2022,NO2,0.0068,4/1/2022,O3,0.016,4/1/2022,PM 10,20.59,4/1/2022,PM 2.5,13.25,4/1/2022,SO2,0.0012,,
5/1/2022,CO,0.537,5/1/2022,NO2,0.0065,5/1/2022,O3,0.015,5/1/2022,PM 10,21.16,5/1/2022,PM 2.5,13.29,5/1/2022,SO2,0.0011,,
6/1/2022,CO,0.513,6/1/2022,NO2,0.0064,6/1/2022,O3,0.014,6/1/2022,PM 10,18.67,6/1/2022,PM 2.5,11.63,6/1/2022,SO2,0.0012,,
7/1/2022,CO,0.534,7/1/2022,NO2,0.0065,7/1/2022,O3,0.015,7/1/2022,PM 10,23.55,7/1/2022,PM 2.5,14.86,7/1/2022,SO2,0.0012,,
8/1/2022,CO,0.508,8/1/2022,NO2,0.0067,8/1/2022,O3,0.015,8/1/2022,PM 10,20.64,8/1/2022,PM 2.5,13.4,8/1/2022,SO2,0.0012,,
9/1/2022,CO,0.523,9/1/2022,NO2,0.0067,9/1/2022,O3,0.014,9/1/2022,PM 10,19.41,9/1/2022,PM 2.5,12.42,9/1/2022,SO2,0.0012,,
10/1/2022,CO,0.501,10/1/2022,NO2,0.0063,10/1/2022,O3,0.013,10/1/2022,PM 10,17.35,10/1/2022,PM 2.5,10.48,10/1/2022,SO2,0.0012,,
11/1/2022,CO,0.515,11/1/2022,NO2,0.0066,11/1/2022,O3,0.014,11/1/2022,PM 10,17.4,11/1/2022,PM 2.5,10.38,11/1/2022,SO2,0.0012,,
12/1/2022,CO,0.503,12/1/2022,NO2,0.0062,12/1/2022,O3,0.017,12/1/2022,PM 10,18.44,12/1/2022,PM 2.5,10.75,12/1/2022,SO2,0.0013,,
